
{
    "region" : "us-east-1",
    "configuration" : "Debug",
    "framework"     : "netcoreapp3.1",
    "self-contained" : false,
    "application"    : "DDACAssignment",
    "environment"    : "DDACAssignment-test",
    "enable-xray"    : true,
    "enhanced-health-type" : "basic",
    "additional-options"   : "\"aws:autoscaling:launchconfiguration,SecurityGroups\"=\"sg-0d777981bfbb23b88,sg-097f2858e2bdfa4d5\";\"aws:ec2:vpc,Subnets\"=\"subnet-03adf34b0bad91f1e,subnet-0bad9b732bcb18154\"",
    "solution-stack"       : "64bit Amazon Linux 2 v2.3.0 running .NET Core",
    "environment-type"     : "SingleInstance",
    "cname"                : "ddacassignment-test-musicport",
    "instance-type"        : "t2.micro",
    "key-pair"             : "",
    "instance-profile"     : "LabInstanceProfile",
    "service-role"         : "LabRole",
    "proxy-server"         : "nginx"
}